<?xml version="1.0" encoding="UTF-8"?>
<!DOCTYPE platform PUBLIC "-//NetBeans//DTD Java PlatformDefinition 1.0//EN" "http://www.netbeans.org/dtds/java-platformdefinition-1_0.dtd">
<platform default="no" name="JDK 11">
    <jdkhome>
        <resource>file:/C:/Program%20Files/Java/jdk-11/</resource>
    </jdkhome>
    <properties>
        <property name="platform.ant.name" value="JDK_11"/>
    </properties>
    <sysproperties>
        <property name="awt.toolkit" value="sun.awt.windows.WToolkit"/>
        <property name="file.encoding" value="Cp1252"/>
        <property name="file.separator" value="\"/>
        <property name="java.awt.graphicsenv" value="sun.awt.Win32GraphicsEnvironment"/>
        <property name="java.awt.printerjob" value="sun.awt.windows.WPrinterJob"/>
        <property name="java.class.path" value=""/>
        <property name="java.class.version" value="55.0"/>
        <property name="java.home" value="C:\Program Files\Java\jdk-11"/>
        <property name="java.io.tmpdir" value="C:\Users\swapn\AppData\Local\Temp\"/>
        <property name="java.library.path" value="C:\Program Files\Java\jdk-11\bin;C:\Windows\Sun\Java\bin;C:\Windows\system32;C:\Windows;C:\Program Files\Common Files\Oracle\Java\javapath;C:\Windows\system32;C:\Windows;C:\Windows\System32\Wbem;C:\Windows\System32\WindowsPowerShell\v1.0\;C:\Windows\System32\OpenSSH\;C:\Program Files\Java\jdk-17\bin;C:\Program Files\dotnet\;C:\MinGW\bin;C:\MinGW\msys\1.0\bin;C:\Program Files\Emacs\emacs-28.1\bin;C:\Program Files\Microsoft SQL Server\150\Tools\Binn\;C:\Program Files\Microsoft SQL Server\Client SDK\ODBC\170\Tools\Binn\;C:\Program Files (x86)\Windows Kits\10\Windows Performance Toolkit\;C:\cygwin\cygwin64\bin;C:\Data\Installations\ffmpeg;C:\Program Files\Git\cmd;D:\Data\Installations\MySQL Shell\bin\;C:\Users\swapn\AppData\Local\Programs\Python\Python311\Scripts\;C:\Users\swapn\AppData\Local\Programs\Python\Python311\;C:\Users\swapn\AppData\Local\Microsoft\WindowsApps;C:\Users\swapn\AppData\Local\atom\bin;C:\Users\swapn\AppData\Local\GitHubDesktop\bin;C:\Users\swapn\.dotnet\tools;C:\Program Files\JetBrains\IntelliJ IDEA Community Edition 2023.3.6\bin;;D:\Data\Installations\Microsoft VS Code\bin;."/>
        <property name="java.runtime.name" value="Java(TM) SE Runtime Environment"/>
        <property name="java.runtime.version" value="11.0.22+9-LTS-219"/>
        <property name="java.specification.maintenance.version" value="2"/>
        <property name="java.specification.name" value="Java Platform API Specification"/>
        <property name="java.specification.vendor" value="Oracle Corporation"/>
        <property name="java.specification.version" value="11"/>
        <property name="java.vendor" value="Oracle Corporation"/>
        <property name="java.vendor.url" value="https://openjdk.java.net/"/>
        <property name="java.vendor.url.bug" value="https://bugreport.java.com/bugreport/"/>
        <property name="java.vendor.version" value="18.9"/>
        <property name="java.version" value="11.0.22"/>
        <property name="java.version.date" value="2024-01-16"/>
        <property name="java.vm.compressedOopsMode" value="32-bit"/>
        <property name="java.vm.info" value="mixed mode"/>
        <property name="java.vm.name" value="Java HotSpot(TM) 64-Bit Server VM"/>
        <property name="java.vm.specification.name" value="Java Virtual Machine Specification"/>
        <property name="java.vm.specification.vendor" value="Oracle Corporation"/>
        <property name="java.vm.specification.version" value="11"/>
        <property name="java.vm.vendor" value="Oracle Corporation"/>
        <property name="java.vm.version" value="11.0.22+9-LTS-219"/>
        <property name="jdk.debug" value="release"/>
        <property name="line.separator" value="&#13;&#10;"/>
        <property name="os.arch" value="amd64"/>
        <property name="os.name" value="Windows 11"/>
        <property name="os.version" value="10.0"/>
        <property name="path.separator" value=";"/>
        <property name="sun.arch.data.model" value="64"/>
        <property name="sun.boot.library.path" value="C:\Program Files\Java\jdk-11\bin"/>
        <property name="sun.cpu.endian" value="little"/>
        <property name="sun.cpu.isalist" value="amd64"/>
        <property name="sun.desktop" value="windows"/>
        <property name="sun.io.unicode.encoding" value="UnicodeLittle"/>
        <property name="sun.java.command" value="J2SEPlatformProbe C:\Users\swapn\AppData\Local\Temp\nb-platformdetect434184887748759626properties"/>
        <property name="sun.java.launcher" value="SUN_STANDARD"/>
        <property name="sun.jnu.encoding" value="Cp1252"/>
        <property name="sun.management.compiler" value="HotSpot 64-Bit Tiered Compilers"/>
        <property name="sun.os.patch.level" value=""/>
        <property name="sun.stderr.encoding" value="cp437"/>
        <property name="sun.stdout.encoding" value="cp437"/>
        <property name="user.country" value="IN"/>
        <property name="user.dir" value=""/>
        <property name="user.home" value="C:\Users\swapn"/>
        <property name="user.language" value="en"/>
        <property name="user.name" value="swapn"/>
        <property name="user.script" value=""/>
        <property name="user.timezone" value="Asia/Calcutta"/>
        <property name="user.variant" value=""/>
    </sysproperties>
</platform>
