<?xml version="1.0" encoding="UTF-8"?>
<!DOCTYPE platform PUBLIC "-//NetBeans//DTD Java PlatformDefinition 1.0//EN" "http://www.netbeans.org/dtds/java-platformdefinition-1_0.dtd">
<platform default="no" name="JDK 21">
    <jdkhome>
        <resource>file:/D:/installations/BellSoft/LibericaJDK-21/</resource>
    </jdkhome>
    <properties>
        <property name="platform.ant.name" value="JDK_21"/>
    </properties>
    <sysproperties>
        <property name="file.encoding" value="UTF-8"/>
        <property name="file.separator" value="\"/>
        <property name="java.class.path" value=""/>
        <property name="java.class.version" value="65.0"/>
        <property name="java.home" value="D:\installations\BellSoft\LibericaJDK-21"/>
        <property name="java.io.tmpdir" value="C:\Users\swapnil\AppData\Local\Temp\"/>
        <property name="java.library.path" value="D:\installations\BellSoft\LibericaJDK-21\bin;C:\WINDOWS\Sun\Java\bin;C:\WINDOWS\system32;C:\WINDOWS;D:\installations\BellSoft\LibericaJDK-21\bin\;C:\Python312\Scripts\;C:\Python312\;C:\Program Files\Common Files\Oracle\Java\javapath;C:\Windows\system32;C:\Windows;C:\Windows\System32\Wbem;C:\Windows\System32\WindowsPowerShell\v1.0\;C:\Windows\System32\OpenSSH\;C:\Program Files (x86)\NVIDIA Corporation\PhysX\Common;C:\MinGW\bin;C:\Program Files\Intel\Intel(R) Memory and Storage Tool\;C:\WINDOWS\system32;C:\WINDOWS;C:\WINDOWS\System32\Wbem;C:\WINDOWS\System32\WindowsPowerShell\v1.0\;C:\WINDOWS\System32\OpenSSH\;C:\Program Files\Java\jdk-17\bin;C:\Program Files\dotnet\;D:\installations\nodejs\;C:\ProgramData\chocolatey\bin;C:\Program Files\MySQL\MySQL Server 8.0\bin;C:\Program Files\Vim\vim91;C:\Program Files\Microsoft SQL Server\150\Tools\Binn\;C:\Program Files\Microsoft SQL Server\Client SDK\ODBC\170\Tools\Binn\;C:\Program Files (x86)\Windows Kits\10\Windows Performance Toolkit\;C:\Program Files\NVIDIA Corporation\NVIDIA App\NvDLISR;D:\installations\Microsoft Visual Studio\2022\Community\MSBuild\Current\Bin;D:\installations\Microsoft Visual Studio\2022\Community\MSBuild\Current\Bin\Roslyn;D:\installations\Git\cmd;D:\installations\MongoDB\mongosh-2.5.2-win32-x64\mongosh-2.5.2-win32-x64\bin;C:\Program Files\Go\bin;C:\Users\swapnil\.cargo\bin;C:\Program Files\MySQL\MySQL Shell 8.0\bin\;C:\Users\swapnil\AppData\Local\Programs\Python\Python39\Scripts\;C:\Users\swapnil\AppData\Local\Programs\Python\Python39\;C:\Users\swapnil\AppData\Local\Microsoft\WindowsApps;C:\Users\swapnil\AppData\Roaming\npm;D:\installations\Microsoft VS Code\bin;C:\Users\swapnil\.dotnet\tools;D:\installations\IntelliJ IDEA Community Edition 2025.1.3\bin;;C:\Users\swapnil\go\bin;."/>
        <property name="java.runtime.name" value="OpenJDK Runtime Environment"/>
        <property name="java.runtime.version" value="21.0.8+12-LTS"/>
        <property name="java.specification.name" value="Java Platform API Specification"/>
        <property name="java.specification.vendor" value="Oracle Corporation"/>
        <property name="java.specification.version" value="21"/>
        <property name="java.vendor" value="BellSoft"/>
        <property name="java.vendor.url" value="https://bell-sw.com/"/>
        <property name="java.vendor.url.bug" value="https://bell-sw.com/support"/>
        <property name="java.version" value="21.0.8"/>
        <property name="java.version.date" value="2025-07-15"/>
        <property name="java.vm.compressedOopsMode" value="Zero based"/>
        <property name="java.vm.info" value="mixed mode, sharing"/>
        <property name="java.vm.name" value="OpenJDK 64-Bit Server VM"/>
        <property name="java.vm.specification.name" value="Java Virtual Machine Specification"/>
        <property name="java.vm.specification.vendor" value="Oracle Corporation"/>
        <property name="java.vm.specification.version" value="21"/>
        <property name="java.vm.vendor" value="BellSoft"/>
        <property name="java.vm.version" value="21.0.8+12-LTS"/>
        <property name="jdk.debug" value="release"/>
        <property name="line.separator" value="&#13;&#10;"/>
        <property name="native.encoding" value="Cp1252"/>
        <property name="os.arch" value="amd64"/>
        <property name="os.name" value="Windows 11"/>
        <property name="os.version" value="10.0"/>
        <property name="path.separator" value=";"/>
        <property name="stderr.encoding" value="cp437"/>
        <property name="stdout.encoding" value="cp437"/>
        <property name="sun.arch.data.model" value="64"/>
        <property name="sun.boot.library.path" value="D:\installations\BellSoft\LibericaJDK-21\bin"/>
        <property name="sun.cpu.endian" value="little"/>
        <property name="sun.cpu.isalist" value="amd64"/>
        <property name="sun.io.unicode.encoding" value="UnicodeLittle"/>
        <property name="sun.java.command" value="J2SEPlatformProbe C:\Users\swapnil\AppData\Local\Temp\nb-platformdetect5814418887987412821properties"/>
        <property name="sun.java.launcher" value="SUN_STANDARD"/>
        <property name="sun.jnu.encoding" value="Cp1252"/>
        <property name="sun.management.compiler" value="HotSpot 64-Bit Tiered Compilers"/>
        <property name="sun.os.patch.level" value=""/>
        <property name="user.country" value="IN"/>
        <property name="user.dir" value=""/>
        <property name="user.home" value="C:\Users\swapnil"/>
        <property name="user.language" value="en"/>
        <property name="user.name" value="swapnil"/>
        <property name="user.script" value=""/>
        <property name="user.timezone" value="Asia/Calcutta"/>
        <property name="user.variant" value=""/>
    </sysproperties>
</platform>
