<?xml version="1.0" encoding="UTF-8"?>
<!DOCTYPE fontscolors PUBLIC "-//NetBeans//DTD Editor Fonts and Colors settings 1.2//EN" "https://netbeans.apache.org/dtds/EditorFontsColors-1_2.dtd">
<fontscolors>
    <fontcolor bgColor="ff3c3f41" default="markup-attribute" name="argument"/>
    <fontcolor bgColor="white" default="default" foreColor="black" name="el-content"/>
    <fontcolor bgColor="ff3c3f41" default="markup-element" foreColor="white" name="tag"/>
    <fontcolor default="default" foreColor="white" name="text"/>
    <fontcolor bgColor="white" default="markup-attribute" foreColor="black" name="mod-constructor">
        <font style="bold"/>
    </fontcolor>
    <fontcolor bgColor="white" default="markup-attribute-value" foreColor="black" name="value"/>
    <fontcolor bgColor="white" default="argument" foreColor="black" name="operator"/>
</fontscolors>
