<?xml version="1.0" encoding="UTF-8"?>
<!DOCTYPE fontscolors PUBLIC "-//NetBeans//DTD Editor Fonts and Colors settings 1.2//EN" "https://netbeans.apache.org/dtds/EditorFontsColors-1_2.dtd">
<fontscolors>
    <fontcolor bgColor="28f5b53f" foreColor="ff009933" name="mark-occurrences"/>
    <fontcolor foreColor="ff33ccff" name="identifier"/>
    <fontcolor bgColor="darkGray" default="field" foreColor="white" name="markup-attribute"/>
    <fontcolor foreColor="ffcc6600" name="string"/>
    <fontcolor bgColor="darkGray" default="keyword" foreColor="ffe8bf6a" name="markup-element"/>
    <fontcolor bgColor="magenta" default="string" foreColor="ffa5c261" name="markup-attribute-value"/>
    <fontcolor foreColor="darkGray" name="error" waveUnderlined="ff9e2927"/>
    <fontcolor default="default" foreColor="lightGray" name="entity-reference"/>
    <fontcolor foreColor="orange" name="separator"/>
    <fontcolor foreColor="white" name="operator"/>
    <fontcolor foreColor="pink" name="url" underline="white"/>
    <fontcolor foreColor="pink" name="number"/>
    <fontcolor bgColor="ff2b2b2b" foreColor="ffa9b7c6" name="default">
        <font name="Monospaced" size="18" style="plain"/>
    </fontcolor>
    <fontcolor bgColor="ff52503a" foreColor="darkGray" name="warning" waveUnderlined="ff52503a"/>
    <fontcolor foreColor="ff00cc99" name="keyword"/>
</fontscolors>
